<?xml version="1.0" encoding="UTF-8"?>
<faces-config xmlns="https://jakarta.ee/xml/ns/jakartaee"
              xmlns:xsi="http://www.w3.org/2001/XMLSchema-instance"
              xsi:schemaLocation="https://jakarta.ee/xml/ns/jakartaee https://jakarta.ee/xml/ns/jakartaee/web-facesconfig_4_0.xsd"
              version="4.0">

    <application>
        <locale-config>
            <default-locale>es</default-locale>
            <supported-locale>en</supported-locale>
            <supported-locale>es</supported-locale>
        </locale-config>

        <resource-bundle>
            <base-name>messages</base-name> <!-- Asegúrate que este es el nombre correcto del bundle -->
            <var>msg</var>
        </resource-bundle>
    </application>


</faces-config>
